lme_id,lme_name,specieskey,species_name,weighted_em_status,model,growth
1,Baltic Sea,2308528,Tubificoides heterochaetus,31.5,GAM,1.2827623132955386
1,Baltic Sea,2301066,Littorina obtusata,31.5,GAM,1.2597048966674151
1,Baltic Sea,2287615,Petricolaria pholadiformis,31.5,GAM,1.1189795078770708
1,Baltic Sea,3195275,Apedinella radians,31.5,GAM,1.1162394190889873
1,Baltic Sea,8368630,Prorocentrum cordatum,31.5,GAM,1.078658099721371
1,Baltic Sea,2292354,Tenellia adspersa,31.5,GAM,1.0386458180935287
1,Baltic Sea,2315382,Alitta succinea,31.5,GAM,1.0318354322713092
1,Baltic Sea,4315705,Dikerogammarus villosus,24.5,GAM,
1,Baltic Sea,2225772,Hemigrapsus sanguineus,24.5,decision rules,
1,Baltic Sea,5185603,Tubularia indivisa,24,GAM,
1,Baltic Sea,2321011,Marenzelleria arctia,23,decision rules,
1,Baltic Sea,5273309,Ulva lactuca,22.5,GAM,0.97920623191064
1,Baltic Sea,2327735,Ficopomatus enigmaticus,22.5,GAM,0.963254083940399
1,Baltic Sea,5178595,Carcinus maenas,22.5,GAM,0.8941163887553526
1,Baltic Sea,5197747,Polydora cornuta,22.5,GAM,0.8555017801334145
1,Baltic Sea,2219149,Grandidierella japonica,22,decision rules,
1,Baltic Sea,2308987,Syllidia armata,20,decision rules,
1,Baltic Sea,2321343,Streblospio benedicti,19.5,GAM,1.0686017973380326
1,Baltic Sea,2215949,Melita nitida,19.5,decision rules,
1,Baltic Sea,4315703,Dikerogammarus haemobaphes,18,decision rules,
1,Baltic Sea,4382841,Hemigrapsus takanoi,17.5,GAM,
1,Baltic Sea,5188971,Rangia cuneata,11.5,GAM,0.9752042685083474
1,Baltic Sea,2308113,Paranais frici,11,GAM,0.983695598336807
1,Baltic Sea,2337248,Agonus cataphractus,10.5,GAM,0.9766369005770686
1,Baltic Sea,4286975,Cyprinus carpio,10.5,GAM,0.9619099954530355
1,Baltic Sea,2308668,Tubificoides benedii,10.5,GAM,0.9176004767483104
1,Baltic Sea,7791733,Mya arenaria,10.5,GAM,0.8968722870650337
1,Baltic Sea,2316942,Nephtys ciliata,10.5,GAM,0.8799645000452432
1,Baltic Sea,2426760,Rana dalmatina,10.5,GAM,0.8719808805863184
1,Baltic Sea,5962255,Cyclopterus lumpus,10.5,GAM,0.8592955548402805
1,Baltic Sea,2217353,Monocorophium insidiosum,10.5,GAM,0.8011852272258991
1,Baltic Sea,10246866,Haminella solitaria,9.5,GAM,1.685783942135717
1,Baltic Sea,2321463,Dipolydora quadrilobata,6,GAM,0.8129016153156308
1,Baltic Sea,8270004,Peridiniella catenata,6,GAM,0.7992915595830696
1,Baltic Sea,3196437,Fucus serratus,6,GAM,0.7600109366429486
1,Baltic Sea,3195749,Chorda filum,4.5,GAM,0.8508867174341631
1,Baltic Sea,2321001,Boccardiella ligerica,4.5,GAM,0.8500945694120366
1,Baltic Sea,4314683,Chelicorophium curvispinum,3.5,GAM,0.4866108767539321
1,Baltic Sea,2308608,Potamothrix hammoniensis,2.5,GAM,0.934504142312739
1,Baltic Sea,2434806,Halichoerus grypus,0,GAM,0.8408259051262593
1,Baltic Sea,7547256,Sinelobus vanhaareni,0,GAM,0.8081727645661686
1,Baltic Sea,2224979,Palaemon elegans,0,GAM,0.7778670550840264
1,Baltic Sea,2285681,Mytilus trossulus,0,GAM,0.7575053918597697
1,Baltic Sea,4984866,Electra pilosa,0,GAM,0.7549545383946908
1,Baltic Sea,5192470,Potamopyrgus antipodarum,0,GAM,0.7502736116371241
1,Baltic Sea,5277182,Ceramium tenuicorne,0,GAM,0.7379829285792271
1,Baltic Sea,3199757,Pylaiella littoralis,0,GAM,0.7266788185887367
1,Baltic Sea,3199521,Ectocarpus siliculosus,0,GAM,0.7133770378405316
1,Baltic Sea,2220407,Neomysis integer,0,GAM,0.7051393300598492
1,Baltic Sea,2379089,Neogobius melanostomus,0,GAM,0.6763902386260706
1,Baltic Sea,2321012,Marenzelleria viridis,0,GAM,0.652666024191525
1,Baltic Sea,2321010,Marenzelleria neglecta,0,GAM,0.6510343145101624
1,Baltic Sea,2234642,Cercopagis pengoi,0,GAM,0.5935030457992859
1,Baltic Sea,7627628,Leathesia marina,0,GAM,0.5905498690319794
1,Baltic Sea,3193498,Thalassiosira nordenskioeldii,0,GAM,0.5509539272142576
1,Baltic Sea,10478115,Octactis speculum,0,GAM,0.5046962572621371
1,Baltic Sea,2114921,Pseudocalanus elongatus,0,GAM,0.48884273389323224
3,North Sea,2285681,Mytilus trossulus,31.5,GAM,1.2219083718463692
3,North Sea,4372686,Ruditapes philippinarum,31.5,GAM,1.1799289326450706
3,North Sea,2287615,Petricolaria pholadiformis,31.5,GAM,1.1185539186858733
3,North Sea,5166487,Megabalanus tintinnabulum,31.5,GAM,1.0587801865364346
3,North Sea,5277182,Ceramium tenuicorne,31.5,GAM,1.055096075074376
3,North Sea,3196454,Fucus distichus,31.5,GAM,1.0502678094252542
3,North Sea,2224979,Palaemon elegans,31.5,GAM,1.0467398733814104
3,North Sea,2287668,Mercenaria mercenaria,31.5,GAM,1.0448080395800559
3,North Sea,3196387,Fucus evanescens,31.5,GAM,1.039729830065108
3,North Sea,9736038,Necora puber,31.5,GAM,1.0203274443757886
3,North Sea,5185431,Aurelia coerulea,27.5,GAM,2.155888393444824
3,North Sea,5197736,Polydora websteri,27.5,GAM,
3,North Sea,2227300,Procambarus clarkii,26.5,GAM,1.1120958273758403
3,North Sea,5277987,Polysiphonia senticulosa,26.5,GAM,1.0688986391463629
3,North Sea,4382841,Hemigrapsus takanoi,24.5,GAM,1.0248067529539928
3,North Sea,5279755,Chondria coerulescens,24.5,GAM,
3,North Sea,1007512,Pacificincola perforata,23.5,GAM,1.1034614850838091
3,North Sea,2224197,Pagurus longicarpus,23.5,GAM,0.6482967615295966
3,North Sea,3199521,Ectocarpus siliculosus,22.5,GAM,1.2152977426552702
3,North Sea,7791733,Mya arenaria,22.5,GAM,1.0020183189452623
3,North Sea,7627628,Leathesia marina,22.5,GAM,0.9927372542153324
3,North Sea,5275705,Porphyra umbilicalis,22.5,GAM,0.9645208366891748
3,North Sea,5178595,Carcinus maenas,22.5,GAM,0.9369795277586133
3,North Sea,2328792,Euchone incolor,22.5,decision rules,
3,North Sea,8000329,Ericthonius didymus,22.5,decision rules,
3,North Sea,10246866,Haminella solitaria,22.5,decision rules,
3,North Sea,5185846,Tiaropsis multicirrata,21,GAM,0.9291272562571735
3,North Sea,5188971,Rangia cuneata,20.5,GAM,1.1590735059850705
3,North Sea,5279568,Agardhiella subulata,20.5,GAM,1.15484372934154
3,North Sea,4354941,Botrylloides violaceus,20.5,decision rules,
3,North Sea,5963673,Celtodoryx ciocalyptoides,20,decision rules,
3,North Sea,3199757,Pylaiella littoralis,19.5,GAM,1.040247393158285
3,North Sea,2301629,Calyptraea chinensis,19.5,GAM,1.0285539912001718
3,North Sea,8155634,Watersipora subatra,18.5,decision rules,
3,North Sea,2285504,Yoldia limatula,18,GAM,1.4673424508884259
3,North Sea,3195749,Chorda filum,18,GAM,0.7552273680919429
3,North Sea,2392508,Sparus aurata,18,GAM,
3,North Sea,2115706,Balanus glandula,17.5,decision rules,
3,North Sea,2320998,Boccardiella hamata,17.5,decision rules,
3,North Sea,2327326,Neodexiospira brasiliensis,17.5,decision rules,
3,North Sea,2666539,Caulacanthus okamurae,16.5,GAM,1.0524828427081794
3,North Sea,10444424,Eupyxidicula turris,15.5,decision rules,
3,North Sea,4315705,Dikerogammarus villosus,15,GAM,0.9510674494954546
3,North Sea,2351174,Coregonus maraena,15,GAM,0.8654797205454655
3,North Sea,10708694,Ceramium sungminbooi,14.5,decision rules,
3,North Sea,5166760,Ammothea hilgendorfi,13.5,GAM,1.1436314934833027
3,North Sea,5272096,Codium fragile,13.5,GAM,1.115266352832989
3,North Sea,5273309,Ulva lactuca,13.5,GAM,1.058739993808839
3,North Sea,2301066,Littorina obtusata,13.5,GAM,1.0173513345919942
3,North Sea,2327735,Ficopomatus enigmaticus,13.5,GAM,0.90906204326972
3,North Sea,3205121,Alexandrium minutum,13.5,GAM,
3,North Sea,2411944,Atherina boyeri,12.5,GAM,1.0195694327877065
3,North Sea,2292354,Tenellia adspersa,12.5,GAM,1.0111126999932216
3,North Sea,3196171,Halosiphon tomentosus,12.5,GAM,0.945374971803941
3,North Sea,7547256,Sinelobus vanhaareni,12.5,decision rules,
3,North Sea,4354937,Botrylloides diegensis,12,GAM,0.732766368541221
3,North Sea,6485909,Halisarca dujardinii,11.5,decision rules,
3,North Sea,2662823,Gelidium vagum,10.5,GAM,1.5769795990335576
3,North Sea,2266586,Bougainvillia muscus,10.5,GAM,1.004086852199933
3,North Sea,2304415,Urosalpinx cinerea,10.5,GAM,1.0003170284520624
3,North Sea,9738520,Melanothamnus harveyi,10.5,GAM,0.9949076919383086
3,North Sea,5962255,Cyclopterus lumpus,10.5,GAM,0.9921237984504025
3,North Sea,2250096,Hymeniacidon perlevis,10.5,GAM,0.9815920164350368
3,North Sea,2434806,Halichoerus grypus,10.5,GAM,0.979002663422421
3,North Sea,5193449,Nucella lapillus,10.5,GAM,0.9660940700400847
3,North Sea,10478115,Octactis speculum,10.5,GAM,0.9420382529817511
3,North Sea,5195516,Glycera capitata,10.5,GAM,0.9314655924785218
3,North Sea,9355965,Thalassiosira punctigera,10.5,GAM,0.9259975163591653
3,North Sea,5422556,Undaria pinnatifida,10.5,GAM,0.9090547970160303
3,North Sea,4286975,Cyprinus carpio,10.5,GAM,0.8927092620798197
3,North Sea,3193498,Thalassiosira nordenskioeldii,10.5,GAM,0.891095900212716
3,North Sea,2668884,Bonnemaisonia hamifera,10.5,GAM,0.8826650022580628
3,North Sea,3196437,Fucus serratus,10.5,GAM,0.8782199777196812
3,North Sea,4984851,Bugula neritina,10.5,GAM,0.8745108481543404
3,North Sea,8428595,Bugulina stolonifera,10.5,GAM,0.8652637798475152
3,North Sea,2657564,Griffithsia corallinoides,10.5,GAM,0.8612471161858838
3,North Sea,2115769,Austrominius modestus,10.5,GAM,0.8608432718303574
3,North Sea,2225032,Palaemon longirostris,10.5,GAM,0.8220584859112159
3,North Sea,1004580,Aetea truncata,10.5,GAM,0.8001125843246577
3,North Sea,2321010,Marenzelleria neglecta,10.5,GAM,0.7961958265631893
3,North Sea,3121258,Artemisia princeps,10.5,GAM,0.7865180900493715
3,North Sea,2321001,Boccardiella ligerica,10.5,GAM,0.767162273296599
3,North Sea,7644219,Trieres mobiliensis,10.5,GAM,0.7216626075992322
3,North Sea,2426760,Rana dalmatina,10.5,GAM,0.7071924199799392
3,North Sea,2329268,Pseudopotamilla reniformis,10.5,GAM,0.6846548535673815
3,North Sea,9501293,Chaetoceros concavicornis,10.5,GAM,0.676938642516342
3,North Sea,2220312,Hemimysis anomala,10.5,decision rules,
3,North Sea,8245330,Microspongium stilophorae,10.5,decision rules,
3,North Sea,5716906,Zeuxo holdichi,10,GAM,0.603831883853085
3,North Sea,4314683,Chelicorophium curvispinum,9.5,GAM,0.7371153048635118
3,North Sea,4354950,Botrylloides leachii,8.5,GAM,0.8693354309311638
3,North Sea,8059430,Heleobia charruana,8,GAM,1.0419391510648408
3,North Sea,7768737,Pronoctiluca pelagica,8,GAM,0.8747678386324861
3,North Sea,2211599,Ianiropsis serricaudis,8,GAM,0.5496585485057722
3,North Sea,1010024,Schizoporella japonica,7.5,GAM,0.596521975581719
3,North Sea,5189032,Corbicula fluminalis,7,GAM,0.8873064175646003
3,North Sea,2204831,Synidotea laticauda,6.5,GAM,1.0224733655926914
3,North Sea,2217353,Monocorophium insidiosum,6,GAM,0.9254353680848272
3,North Sea,2400863,Chelon labrosus,6,GAM,0.8543665153816853
3,North Sea,2324159,Tharyx killariensis,6,GAM,0.7726336187438642
3,North Sea,2114921,Pseudocalanus elongatus,6,GAM,0.7014196779494895
3,North Sea,2659108,Dasya baillouviana,6,GAM,0.6877520833506686
3,North Sea,8270004,Peridiniella catenata,6,GAM,0.6829931532660964
3,North Sea,2316942,Nephtys ciliata,6,GAM,0.6653582298726333
3,North Sea,5824752,Pseudochattonella farcimen,5.5,GAM,
3,North Sea,2331942,Styela clava,4.5,GAM,0.9832408668912389
3,North Sea,2291814,Thecacera pennigera,4.5,GAM,0.8740040513105459
3,North Sea,2379089,Neogobius melanostomus,4.5,GAM,0.7912902888971771
3,North Sea,2651922,Karlodinium veneficum,4.5,GAM,0.7734416641050621
3,North Sea,3193833,Lennoxia faveolata,4.5,GAM,0.7699293250377022
3,North Sea,7910173,Alexandrium ostenfeldii,3.5,GAM,0.8810366852473132
3,North Sea,3205951,Lessardia elongata,3.5,GAM,0.8439984760655592
3,North Sea,3193505,Ethmodiscus punctiger,2.5,GAM,0.9302125762776603
3,North Sea,5197747,Polydora cornuta,2.5,GAM,0.924726969647241
3,North Sea,4601972,Ocinebrellus inornatus,2,GAM,1.014413189532992
3,North Sea,2225772,Hemigrapsus sanguineus,2,GAM,1.0132747679159013
3,North Sea,11464313,Sundstroemia setigera,0,GAM,0.8830633543701734
3,North Sea,5178057,Caprella mutica,0,GAM,0.8600296156605937
3,North Sea,2227605,Pilumnus hirtellus,0,GAM,0.859193409393962
3,North Sea,2308668,Tubificoides benedii,0,GAM,0.8591001753246192
3,North Sea,2293333,Calliostoma zizyphinum,0,GAM,0.8487912242159927
3,North Sea,2315382,Alitta succinea,0,GAM,0.8388363308057154
3,North Sea,2321343,Streblospio benedicti,0,GAM,0.8297314393121983
3,North Sea,3195275,Apedinella radians,0,GAM,0.8261990422284633
3,North Sea,2321199,Scolelepis bonnieri,0,GAM,0.816857397833205
3,North Sea,5192470,Potamopyrgus antipodarum,0,GAM,0.8121857465754422
3,North Sea,2321152,Scolelepis korsuni,0,GAM,0.8035209649181833
3,North Sea,5423348,Desmarestia viridis,0,GAM,0.8034290791400732
3,North Sea,2308987,Syllidia armata,0,GAM,0.7943876111528192
3,North Sea,5185603,Tubularia indivisa,0,GAM,0.7861401421259537
3,North Sea,2337248,Agonus cataphractus,0,GAM,0.78097371569676
3,North Sea,2331498,Molgula manhattensis,0,GAM,0.7703899200969938
3,North Sea,4275413,Chaetoceros lorenzianus,0,GAM,0.7633146875001042
3,North Sea,9802456,Perforatus perforatus,0,GAM,0.7428706116966903
3,North Sea,8108244,Peridiniella danica,0,GAM,0.731693511408423
3,North Sea,2251202,Suberites massa,0,GAM,0.7310724051538285
3,North Sea,8368630,Prorocentrum cordatum,0,GAM,0.7208096894229665
3,North Sea,4984866,Electra pilosa,0,GAM,0.7190465338605019
3,North Sea,7708032,Dinophysis tripos,0,GAM,0.7055524463956537
3,North Sea,3194973,Dinobryon faculiferum,0,GAM,0.7029111853878202
3,North Sea,2115719,Balanus balanus,0,GAM,0.6954221688513044
3,North Sea,5421984,Rhizosolenia styliformis,0,GAM,0.6850308887373088
3,North Sea,3193674,Biddulphia rhombus,0,GAM,0.6765724921685142
3,North Sea,7632200,Alexandrium tamarense,0,GAM,0.6748689278083728
3,North Sea,2330928,Aplidium glabrum,0,GAM,0.649798442950887
3,North Sea,2321466,Dipolydora socialis,0,GAM,0.6421580015102973
3,North Sea,4314702,Monocorophium sextonae,0,GAM,0.6377365045073544
3,North Sea,2220407,Neomysis integer,0,GAM,0.6222054111569302
3,North Sea,4360191,Antiopella cristata,0,GAM,0.6182128623881382
3,North Sea,8187634,Akashiwo sanguinea,0,GAM,0.6147832774966938
3,North Sea,1009018,Microporella ciliata,0,GAM,0.6019579674436879
3,North Sea,2219149,Grandidierella japonica,0,GAM,0.5987376946279861
3,North Sea,2322248,Marphysa sanguinea,0,GAM,0.5869571984038486
3,North Sea,2215949,Melita nitida,0,GAM,0.5808808660186742
3,North Sea,2321463,Dipolydora quadrilobata,0,GAM,0.5680065122467466
3,North Sea,5184341,Cereus pedunculatus,0,GAM,0.5678071419399765
3,North Sea,2308676,Tubificoides pseudogaster,0,GAM,0.5639251648501558
3,North Sea,1005581,Scruparia ambigua,0,GAM,0.548288691147011
3,North Sea,2321012,Marenzelleria viridis,0,GAM,0.5403698153263321
3,North Sea,7530747,Oxytoxum criophilum,0,GAM,0.5400578978581022
3,North Sea,7454879,Karenia mikimotoi,0,GAM,0.5088335006230894
3,North Sea,10559499,Hobaniella longicruris,0,GAM,0.49032464490735594
3,North Sea,5199282,Sabellaria spinulosa,0,GAM,0.4200743455562715
3,North Sea,2688129,Pterosperma cristatum,0,GAM,0.38918933022192204
3,North Sea,4378628,Mediopyxis helysia,0,GAM,0.37652335050369456
3,North Sea,5824749,Pseudochattonella verruculosa,0,GAM,0.29386986335931026
3,North Sea,2114769,Pseudodiaptomus marinus,0,GAM,0.2754322691377393
6,Celtic-Biscay Shelf,2112052,Euterpina acutifrons,31.5,GAM,1.3363376111935612
6,Celtic-Biscay Shelf,2395367,Coryphoblennius galerita,31.5,GAM,1.1489610861168005
6,Celtic-Biscay Shelf,2293076,Haliotis tuberculata,31.5,GAM,1.1477716110244103
6,Celtic-Biscay Shelf,5279603,Solieria chordalis,31.5,GAM,1.1335278151785557
6,Celtic-Biscay Shelf,2225772,Hemigrapsus sanguineus,31.5,GAM,1.1034917037447924
6,Celtic-Biscay Shelf,4372686,Ruditapes philippinarum,31.5,GAM,1.0983962121218518
6,Celtic-Biscay Shelf,2224979,Palaemon elegans,31.5,GAM,1.0822381786731927
6,Celtic-Biscay Shelf,2287668,Mercenaria mercenaria,31.5,GAM,1.071152154869741
6,Celtic-Biscay Shelf,3196454,Fucus distichus,31.5,GAM,1.0634585532700669
6,Celtic-Biscay Shelf,2287615,Petricolaria pholadiformis,31.5,GAM,1.0554060464808661
6,Celtic-Biscay Shelf,2330928,Aplidium glabrum,31.5,GAM,1.0327746002713827
6,Celtic-Biscay Shelf,5193449,Nucella lapillus,31.5,GAM,1.031669797733425
6,Celtic-Biscay Shelf,5178595,Carcinus maenas,27.5,GAM,1.0277558448015878
6,Celtic-Biscay Shelf,2411944,Atherina boyeri,24,GAM,
6,Celtic-Biscay Shelf,4601972,Ocinebrellus inornatus,23,GAM,1.3325319162451486
6,Celtic-Biscay Shelf,3196437,Fucus serratus,22.5,GAM,1.006741115552413
6,Celtic-Biscay Shelf,5273309,Ulva lactuca,22.5,GAM,0.9975548310565922
6,Celtic-Biscay Shelf,7791733,Mya arenaria,22.5,GAM,0.9182006011968354
6,Celtic-Biscay Shelf,2658866,Grateloupia subpectinata,22.5,GAM,0.7976717016806556
6,Celtic-Biscay Shelf,5862470,Amphibalanus eburneus,21.5,decision rules,
6,Celtic-Biscay Shelf,2321152,Scolelepis korsuni,21,GAM,0.8067916823154418
6,Celtic-Biscay Shelf,5188971,Rangia cuneata,19.5,GAM,1.3017170370242634
6,Celtic-Biscay Shelf,2264633,Craterolophus convolvulus,19.5,GAM,1.0916567247509639
6,Celtic-Biscay Shelf,2331936,Styela canopus,19,GAM,
6,Celtic-Biscay Shelf,2332123,Asterocarpa humilis,18,decision rules,
6,Celtic-Biscay Shelf,2285504,Yoldia limatula,17.5,GAM,0.340364380634348
6,Celtic-Biscay Shelf,1010024,Schizoporella japonica,17.5,decision rules,
6,Celtic-Biscay Shelf,5192721,Truncatella subcylindrica,16.5,GAM,0.9827634334390397
6,Celtic-Biscay Shelf,5277734,Polysiphonia morrowii,16,GAM,0.44106795274915267
6,Celtic-Biscay Shelf,6531311,Arcuatula senhousia,15.5,GAM,
6,Celtic-Biscay Shelf,2291814,Thecacera pennigera,13.5,GAM,1.0686326557951211
6,Celtic-Biscay Shelf,5279840,Asparagopsis armata,13.5,GAM,1.0579285880467042
6,Celtic-Biscay Shelf,5716906,Zeuxo holdichi,12.5,decision rules,
6,Celtic-Biscay Shelf,9802456,Perforatus perforatus,10.5,GAM,0.9837102646257172
6,Celtic-Biscay Shelf,2301066,Littorina obtusata,10.5,GAM,0.962296803228994
6,Celtic-Biscay Shelf,9736038,Necora puber,10.5,GAM,0.961309930924722
6,Celtic-Biscay Shelf,4354937,Botrylloides diegensis,10.5,GAM,0.9516141333138253
6,Celtic-Biscay Shelf,4286975,Cyprinus carpio,10.5,GAM,0.9287148013438838
6,Celtic-Biscay Shelf,2400863,Chelon labrosus,10.5,GAM,0.923529228224464
6,Celtic-Biscay Shelf,5178057,Caprella mutica,10.5,GAM,0.92128855802334
6,Celtic-Biscay Shelf,4354941,Botrylloides violaceus,10.5,GAM,0.9115656144538569
6,Celtic-Biscay Shelf,5279276,Sphaerococcus coronopifolius,10.5,GAM,0.9016156017511412
6,Celtic-Biscay Shelf,2327735,Ficopomatus enigmaticus,10.5,GAM,0.8665132340982008
6,Celtic-Biscay Shelf,4984851,Bugula neritina,10.5,GAM,0.8362037492012875
6,Celtic-Biscay Shelf,5279755,Chondria coerulescens,10.5,GAM,0.8098053483727032
6,Celtic-Biscay Shelf,4382841,Hemigrapsus takanoi,10.5,GAM,0.800530071271335
6,Celtic-Biscay Shelf,5166760,Ammothea hilgendorfi,10.5,GAM,0.7382822777307774
6,Celtic-Biscay Shelf,1030608,Eusarsiella zostericola,10.5,GAM,0.6506633629143567
6,Celtic-Biscay Shelf,5854375,Mesochaetopterus rogeri,10.5,decision rules,
6,Celtic-Biscay Shelf,1005677,Watersipora subtorquata,9,GAM,0.5151259137989546
6,Celtic-Biscay Shelf,8155634,Watersipora subatra,7.5,GAM,0.9921618063488663
6,Celtic-Biscay Shelf,7627628,Leathesia marina,6,GAM,0.9382862746843706
6,Celtic-Biscay Shelf,2115620,Chthamalus stellatus,6,GAM,0.9037302428888263
6,Celtic-Biscay Shelf,5210979,Diplodus vulgaris,6,GAM,0.8990872013272995
6,Celtic-Biscay Shelf,2115769,Austrominius modestus,6,GAM,0.882230783366381
6,Celtic-Biscay Shelf,5184341,Cereus pedunculatus,6,GAM,0.8659895262264088
6,Celtic-Biscay Shelf,2411424,Lepadogaster candolii,6,GAM,0.826162497594574
6,Celtic-Biscay Shelf,2266586,Bougainvillia muscus,6,GAM,0.8223791207587746
6,Celtic-Biscay Shelf,2293333,Calliostoma zizyphinum,6,GAM,0.7993370763194761
6,Celtic-Biscay Shelf,10478115,Octactis speculum,6,GAM,0.752012392785335
6,Celtic-Biscay Shelf,2392508,Sparus aurata,6,GAM,0.7231793580183035
6,Celtic-Biscay Shelf,3195749,Chorda filum,6,GAM,0.7003700827042424
6,Celtic-Biscay Shelf,5272096,Codium fragile,4.5,GAM,0.9943370965025643
6,Celtic-Biscay Shelf,2331942,Styela clava,4.5,GAM,0.9051174385620305
6,Celtic-Biscay Shelf,2250096,Hymeniacidon perlevis,4.5,GAM,0.8894353088762559
6,Celtic-Biscay Shelf,5186396,Phoronis hippocrepia,4.5,GAM,0.8588541475856452
6,Celtic-Biscay Shelf,2330609,Phallusia mammillata,4.5,GAM,0.8545276462596089
6,Celtic-Biscay Shelf,2320257,Polyophthalmus pictus,4.5,GAM,0.8460060811221258
6,Celtic-Biscay Shelf,8608139,Tritia neritea,3.5,GAM,0.8142375229440869
6,Celtic-Biscay Shelf,4360191,Antiopella cristata,0,GAM,0.9270364402930862
6,Celtic-Biscay Shelf,5962255,Cyclopterus lumpus,0,GAM,0.9214795058816767
6,Celtic-Biscay Shelf,2220407,Neomysis integer,0,GAM,0.8966125316146705
6,Celtic-Biscay Shelf,7811641,Crisularia plumosa,0,GAM,0.8867710272583028
6,Celtic-Biscay Shelf,2227605,Pilumnus hirtellus,0,GAM,0.8807056076770411
6,Celtic-Biscay Shelf,2328603,Sabella spallanzanii,0,GAM,0.8731122476190806
6,Celtic-Biscay Shelf,4354950,Botrylloides leachii,0,GAM,0.8306255382279756
6,Celtic-Biscay Shelf,2227300,Procambarus clarkii,0,GAM,0.7742550689246962
6,Celtic-Biscay Shelf,2321199,Scolelepis bonnieri,0,GAM,0.761170795032784
6,Celtic-Biscay Shelf,7454879,Karenia mikimotoi,0,GAM,0.7604881324935923
6,Celtic-Biscay Shelf,2301629,Calyptraea chinensis,0,GAM,0.7601506495272058
6,Celtic-Biscay Shelf,8187634,Akashiwo sanguinea,0,GAM,0.7561947863756084
6,Celtic-Biscay Shelf,4984866,Electra pilosa,0,GAM,0.730902532718171
6,Celtic-Biscay Shelf,4314702,Monocorophium sextonae,0,GAM,0.7284321808704923
6,Celtic-Biscay Shelf,9783517,Peridinium quadridentatum,0,GAM,0.7281074056170874
6,Celtic-Biscay Shelf,5422556,Undaria pinnatifida,0,GAM,0.7274948860386768
6,Celtic-Biscay Shelf,2251202,Suberites massa,0,GAM,0.7232943489653463
6,Celtic-Biscay Shelf,8243780,Trieres regia,0,GAM,0.7139611310396531
6,Celtic-Biscay Shelf,2321463,Dipolydora quadrilobata,0,GAM,0.7134330315032262
6,Celtic-Biscay Shelf,2426760,Rana dalmatina,0,GAM,0.7104610590549336
6,Celtic-Biscay Shelf,2337248,Agonus cataphractus,0,GAM,0.7085007727906486
6,Celtic-Biscay Shelf,2666539,Caulacanthus okamurae,0,GAM,0.7045884737011079
6,Celtic-Biscay Shelf,2308668,Tubificoides benedii,0,GAM,0.6891012066862069
6,Celtic-Biscay Shelf,11464313,Sundstroemia setigera,0,GAM,0.6880307894191712
6,Celtic-Biscay Shelf,2668884,Bonnemaisonia hamifera,0,GAM,0.6848073826529782
6,Celtic-Biscay Shelf,5185697,Coryne eximia,0,GAM,0.670542152253814
6,Celtic-Biscay Shelf,5275705,Porphyra umbilicalis,0,GAM,0.6627894861111338
6,Celtic-Biscay Shelf,2115719,Balanus balanus,0,GAM,0.6408650966393924
6,Celtic-Biscay Shelf,9738520,Melanothamnus harveyi,0,GAM,0.638540260059322
6,Celtic-Biscay Shelf,2308676,Tubificoides pseudogaster,0,GAM,0.6363182030823871
6,Celtic-Biscay Shelf,5197747,Polydora cornuta,0,GAM,0.6251746333377404
6,Celtic-Biscay Shelf,2434806,Halichoerus grypus,0,GAM,0.6214956055306692
6,Celtic-Biscay Shelf,5192470,Potamopyrgus antipodarum,0,GAM,0.6211540590437306
6,Celtic-Biscay Shelf,2322248,Marphysa sanguinea,0,GAM,0.5980120287228693
6,Celtic-Biscay Shelf,4275413,Chaetoceros lorenzianus,0,GAM,0.59774612692465
6,Celtic-Biscay Shelf,5421984,Rhizosolenia styliformis,0,GAM,0.5819125714953005
6,Celtic-Biscay Shelf,5185603,Tubularia indivisa,0,GAM,0.5772317311648058
6,Celtic-Biscay Shelf,2657564,Griffithsia corallinoides,0,GAM,0.5645762569288107
6,Celtic-Biscay Shelf,5199282,Sabellaria spinulosa,0,GAM,0.561363166892985
6,Celtic-Biscay Shelf,6485909,Halisarca dujardinii,0,GAM,0.5253871768129952
6,Celtic-Biscay Shelf,1009964,Reptadeonella violacea,0,GAM,0.5224053028131742
6,Celtic-Biscay Shelf,9795553,Sternaspis scutata,0,GAM,0.5204402016926307
6,Celtic-Biscay Shelf,7644219,Trieres mobiliensis,0,GAM,0.47770923581738867
6,Celtic-Biscay Shelf,2315382,Alitta succinea,0,GAM,0.47131052233653387
11,Black Sea,2327735,Ficopomatus enigmaticus,31.5,GAM,1.2192689771369298
11,Black Sea,5229142,Vanellus spinosus,31.5,GAM,1.193775450687445
11,Black Sea,8608139,Tritia neritea,31.5,GAM,1.1744734193847703
11,Black Sea,2224979,Palaemon elegans,31.5,GAM,1.0743279743052747
11,Black Sea,8056718,Syngnathus abaster,30.5,GAM,1.008746427109275
11,Black Sea,6531311,Arcuatula senhousia,27,GAM,1.3411639595125866
11,Black Sea,2395367,Coryphoblennius galerita,26.5,GAM,1.3176809431106626
11,Black Sea,5233152,Beroe ovata,24,GAM,1.0390918432444076
11,Black Sea,7791733,Mya arenaria,21,decision rules,
11,Black Sea,5199282,Sabellaria spinulosa,19.5,decision rules,
11,Black Sea,2395735,Parablennius incognitus,18.5,GAM,1.926372458001184
11,Black Sea,5192470,Potamopyrgus antipodarum,17.5,GAM,0.9847444340536483
11,Black Sea,5273309,Ulva lactuca,17,decision rules,
11,Black Sea,2379089,Neogobius melanostomus,10.5,GAM,0.9148804177222388
11,Black Sea,2301629,Calyptraea chinensis,10.5,GAM,0.872068006985032
11,Black Sea,4286975,Cyprinus carpio,10.5,GAM,0.8656451598203228
11,Black Sea,2227605,Pilumnus hirtellus,10.5,GAM,0.6608948003198677
11,Black Sea,2411944,Atherina boyeri,9,GAM,0.8112998704704008
11,Black Sea,2379295,Pomatoschistus marmoratus,7,GAM,0.8213901352309886
11,Black Sea,2426760,Rana dalmatina,6,GAM,0.9250754472894857
13,Mediterranean Sea,10906181,Lamprohaminoea ovalis,31.5,GAM,1.5408064170350473
13,Mediterranean Sea,5200315,Branchiomma luctuosum,31.5,GAM,1.5198643267016845
13,Mediterranean Sea,2208629,Paranthura japonica,31.5,GAM,1.5158344529959487
13,Mediterranean Sea,8363171,Pteragogus trispilus,31.5,GAM,1.5053311334695338
13,Mediterranean Sea,2225632,Charybdis hellerii,31.5,GAM,1.463744872643645
13,Mediterranean Sea,2315466,Pseudonereis anomala,31.5,GAM,1.4216427612864084
13,Mediterranean Sea,4363957,Ergalatax junionae,31.5,GAM,1.4181151115098127
13,Mediterranean Sea,5188945,Anadara transversa,31.5,GAM,1.366167787611138
13,Mediterranean Sea,2376481,Millerigobius macrocephalus,31.5,GAM,1.3631076899532382
13,Mediterranean Sea,5854272,Branchiomma bairdi,31.5,GAM,1.3621792379369906
13,Mediterranean Sea,8920970,Sepioteuthis lessoniana,31.5,GAM,1.3553738288664556
13,Mediterranean Sea,6525332,Gafrarium savignyi,31.5,GAM,1.3429358274361967
13,Mediterranean Sea,1005675,Watersipora cucullata,31.5,GAM,1.3188836520192422
13,Mediterranean Sea,2397527,Cheilodipterus novemstriatus,31.5,GAM,1.3125359307397255
13,Mediterranean Sea,2330558,Phallusia nigra,31.5,GAM,1.3054880167157457
13,Mediterranean Sea,1010034,Schizoporella errata,31.5,GAM,1.302499046334916
13,Mediterranean Sea,2115620,Chthamalus stellatus,31.5,GAM,1.2966881960637306
13,Mediterranean Sea,2395157,Scartella cristata,31.5,GAM,1.2939436643780473
13,Mediterranean Sea,8052612,Sillago suezensis,31.5,GAM,1.2874459198616979
13,Mediterranean Sea,9802456,Perforatus perforatus,31.5,GAM,1.270744156178395
13,Mediterranean Sea,5862470,Amphibalanus eburneus,31.5,GAM,1.2681736207243846
13,Mediterranean Sea,4357847,Diodora ruppellii,31.5,GAM,1.2604446283836679
13,Mediterranean Sea,4372070,Chama pacifica,31.5,GAM,1.2572247885396588
13,Mediterranean Sea,8767949,Microeuraphia depressa,31.5,GAM,1.2398028182601482
13,Mediterranean Sea,2395735,Parablennius incognitus,31.5,GAM,1.2229508923397217
13,Mediterranean Sea,2395367,Coryphoblennius galerita,31.5,GAM,1.2147447248249954
13,Mediterranean Sea,5729648,Spondylus spinosus,31.5,GAM,1.214330191640724
13,Mediterranean Sea,5715613,Siphonaria pectinata,31.5,GAM,1.2010044967837388
13,Mediterranean Sea,2374391,Pempheris rhomboidea,31.5,GAM,1.1972137957941718
13,Mediterranean Sea,5620016,Opuntia elatior,31.5,GAM,1.1801155135229677
13,Mediterranean Sea,2396749,Parupeneus forsskali,31.5,GAM,1.1745227307531405
13,Mediterranean Sea,2390762,Caranx crysos,31.5,GAM,1.1728744299833942
13,Mediterranean Sea,5192721,Truncatella subcylindrica,31.5,GAM,1.1662662451283607
13,Mediterranean Sea,8456531,Saurida lessepsianus,31.5,GAM,1.1433402600015738
13,Mediterranean Sea,2376059,Zebrus zebrus,31.5,GAM,1.1418645199022237
13,Mediterranean Sea,4362895,Cerithium scabridum,31.5,GAM,1.1381995141782406
13,Mediterranean Sea,7791733,Mya arenaria,31.5,GAM,1.1374681225286927
13,Mediterranean Sea,8608139,Tritia neritea,31.5,GAM,1.1372172103216585
13,Mediterranean Sea,4360080,Hypselodoris infucata,31.5,GAM,1.1313095973100469
13,Mediterranean Sea,2379295,Pomatoschistus marmoratus,31.5,GAM,1.1300479110853274
13,Mediterranean Sea,4341995,Synaptula reciprocans,31.5,GAM,1.128391894010873
13,Mediterranean Sea,2293076,Haliotis tuberculata,31.5,GAM,1.1256892348455223
13,Mediterranean Sea,2379964,Nemipterus randalli,31.5,GAM,1.11674836347191
13,Mediterranean Sea,5855429,Ostrea stentina,31.5,GAM,1.1149178421209112
13,Mediterranean Sea,2223441,Penaeus kerathurus,31.5,GAM,1.1147371248173954
13,Mediterranean Sea,5273309,Ulva lactuca,31.5,GAM,1.1055617728788352
13,Mediterranean Sea,2356802,Sargocentron rubrum,31.5,GAM,1.1032641733443438
13,Mediterranean Sea,4372686,Ruditapes philippinarum,31.5,GAM,1.1008964096532212
13,Mediterranean Sea,5863622,Portunus segnis,31.5,GAM,1.0985073725920595
13,Mediterranean Sea,4374596,Brachidontes pharaonis,31.5,GAM,1.0955943816661973
13,Mediterranean Sea,6519803,Goniobranchus annulatus,31.5,GAM,1.0920752293579075
13,Mediterranean Sea,2411944,Atherina boyeri,31.5,GAM,1.0865184870429916
13,Mediterranean Sea,5178595,Carcinus maenas,31.5,GAM,1.0838125454517182
13,Mediterranean Sea,7999925,Atherinomorus forskalii,31.5,GAM,1.083574151417678
13,Mediterranean Sea,8337656,Pseudo-nitzschia australis,31.5,GAM,1.0832758940855234
13,Mediterranean Sea,6519254,Tayuva lilacina,31.5,GAM,1.0804785009229054
13,Mediterranean Sea,4360148,Melibe viridis,31.5,GAM,1.0655490821423064
13,Mediterranean Sea,2293333,Calliostoma zizyphinum,31.5,GAM,1.0633642279156705
13,Mediterranean Sea,5724049,Gibbula ardens,31.5,GAM,1.0562733147948946
13,Mediterranean Sea,7965247,Plotosus lineatus,31.5,GAM,1.0414577248647308
13,Mediterranean Sea,5725688,Bivetiella cancellata,31.5,GAM,1.0395678460053766
13,Mediterranean Sea,2374255,Scomberomorus commerson,28,GAM,
13,Mediterranean Sea,5210979,Diplodus vulgaris,27.5,GAM,1.037003247788383
13,Mediterranean Sea,2328810,Potamilla torelli,27,GAM,
13,Mediterranean Sea,9088686,Kirkegaardia dorsobranchialis,27,GAM,
13,Mediterranean Sea,2330725,Ecteinascidia turbinata,26.5,GAM,1.0928317163855974
13,Mediterranean Sea,2264603,Cassiopea andromeda,26.5,GAM,1.0902996943333831
13,Mediterranean Sea,2226385,Saron marmoratus,26,GAM,
13,Mediterranean Sea,8018048,Dictyota cyanoloma,25.5,GAM,1.104094908071755
13,Mediterranean Sea,2217353,Monocorophium insidiosum,25.5,GAM,0.8960987142484561
13,Mediterranean Sea,2115724,Balanus trigonus,25.5,GAM,
13,Mediterranean Sea,5189032,Corbicula fluminalis,25.5,decision rules,
13,Mediterranean Sea,5185431,Aurelia coerulea,25,GAM,1.4813149908600756
13,Mediterranean Sea,2332243,Symplegma brakenhielmi,24.5,GAM,1.2977940175324052
13,Mediterranean Sea,2219222,Jassa slatteryi,24.5,GAM,1.024001691914464
13,Mediterranean Sea,9775198,Himantura uarnak,24,GAM,0.5547461852282551
13,Mediterranean Sea,4354950,Botrylloides leachii,23.5,decision rules,
13,Mediterranean Sea,2223840,Penaeus aztecus,23,GAM,0.9397428489665263
13,Mediterranean Sea,6480320,Planocera ceratommata,22.5,GAM,1.173793358887714
13,Mediterranean Sea,2327735,Ficopomatus enigmaticus,22.5,GAM,0.9961335341593491
13,Mediterranean Sea,1009964,Reptadeonella violacea,22.5,GAM,0.9951980809013315
13,Mediterranean Sea,2392508,Sparus aurata,22.5,GAM,0.9922844868914961
13,Mediterranean Sea,2393905,Sparisoma cretense,22.5,GAM,0.9849724884208975
13,Mediterranean Sea,2400863,Chelon labrosus,22.5,GAM,0.9772149648918315
13,Mediterranean Sea,6489949,Conomurex persicus,22.5,GAM,0.9651473937579714
13,Mediterranean Sea,2426760,Rana dalmatina,22.5,GAM,0.91704199399073
13,Mediterranean Sea,2413065,Herklotsichthys punctatus,22.5,GAM,0.901067720877383
13,Mediterranean Sea,2330928,Aplidium glabrum,22.5,decision rules,
13,Mediterranean Sea,2393577,Scarus ghobban,22,GAM,1.8462789575558805
13,Mediterranean Sea,2378753,Vanderhorstia mertensi,21,decision rules,
13,Mediterranean Sea,2382872,Pomadasys stridens,20.5,GAM,1.232041949492601
13,Mediterranean Sea,5185730,Pennaria disticha,20,GAM,1.0178982571096253
13,Mediterranean Sea,4360294,Godiva quadricolor,20,GAM,0.5783449694766012
13,Mediterranean Sea,2264581,Cotylorhiza erythraea,20,decision rules,
13,Mediterranean Sea,5229142,Vanellus spinosus,19.5,GAM,1.1756342004793094
13,Mediterranean Sea,5422556,Undaria pinnatifida,19.5,GAM,1.1617952157262805
13,Mediterranean Sea,5279834,Asparagopsis taxiformis,19.5,GAM,1.1325244635057674
13,Mediterranean Sea,2227605,Pilumnus hirtellus,19.5,GAM,1.0987568653008435
13,Mediterranean Sea,2330609,Phallusia mammillata,19.5,GAM,1.047103089000454
13,Mediterranean Sea,5200938,Fistularia commersonii,19.5,GAM,1.0362793835840867
13,Mediterranean Sea,2395240,Istiblennius meleagris,19.5,decision rules,
13,Mediterranean Sea,9746127,Biuve fulvipunctata,19.5,decision rules,
13,Mediterranean Sea,10069599,Hazeus ingressus,19.5,decision rules,
13,Mediterranean Sea,2398634,Abudefduf vaigiensis,19,decision rules,
13,Mediterranean Sea,5233152,Beroe ovata,18.5,GAM,1.0552442175920158
13,Mediterranean Sea,2216565,Stenothoe gallensis,18.5,decision rules,
13,Mediterranean Sea,7627628,Leathesia marina,17.5,GAM,0.9952731229497335
13,Mediterranean Sea,2396797,Upeneus pori,17.5,decision rules,
13,Mediterranean Sea,4984866,Electra pilosa,17.5,decision rules,
13,Mediterranean Sea,5197741,Polydora hoplura,17.5,decision rules,
13,Mediterranean Sea,4374719,Malleus regula,17,decision rules,
13,Mediterranean Sea,2331936,Styela canopus,16.5,GAM,0.9537089730978451
13,Mediterranean Sea,5799065,Matuta victor,15.5,GAM,1.048196224696482
13,Mediterranean Sea,2270624,Luidia atlantidea,15.5,decision rules,
13,Mediterranean Sea,2434806,Halichoerus grypus,15.5,decision rules,
13,Mediterranean Sea,2315382,Alitta succinea,15,decision rules,
13,Mediterranean Sea,5193449,Nucella lapillus,15,decision rules,
13,Mediterranean Sea,7639231,Leucos aula,15,decision rules,
13,Mediterranean Sea,4354941,Botrylloides violaceus,14.5,GAM,1.7360628853675928
13,Mediterranean Sea,6518477,Coryphellina rubrolineata,14.5,decision rules,
13,Mediterranean Sea,7811641,Crisularia plumosa,14,decision rules,
13,Mediterranean Sea,10894642,Chrysaora pseudoocellata,14,decision rules,
13,Mediterranean Sea,2411424,Lepadogaster candolii,13.5,GAM,1.255379569557672
13,Mediterranean Sea,5272096,Codium fragile,13.5,GAM,1.1740154788475452
13,Mediterranean Sea,2317552,Hermodice carunculata,13.5,GAM,0.9471611270656924
13,Mediterranean Sea,5213449,Stephanolepis diaspros,13.5,GAM,0.944928008999073
13,Mediterranean Sea,2390581,Alepes djedaba,13,GAM,0.6869467627980315
13,Mediterranean Sea,2291791,Polycerella emertoni,13,decision rules,
13,Mediterranean Sea,2331942,Styela clava,13,decision rules,
13,Mediterranean Sea,5824863,Rugulopteryx okamurae,12,GAM,1.61179177778433
13,Mediterranean Sea,5854375,Mesochaetopterus rogeri,12,decision rules,
13,Mediterranean Sea,2225783,Percnon gibbesi,10.5,GAM,0.9970586732256275
13,Mediterranean Sea,2224979,Palaemon elegans,10.5,GAM,0.9965460338154394
13,Mediterranean Sea,2407271,Torquigener flavimaculosus,10.5,GAM,0.9876227771672897
13,Mediterranean Sea,2388133,Epinephelus caninus,10.5,GAM,0.9751302571506704
13,Mediterranean Sea,5329631,Halophila stipulacea,10.5,GAM,0.9529492552211251
13,Mediterranean Sea,2390262,Siganus luridus,10.5,GAM,0.9526980192096903
13,Mediterranean Sea,2320257,Polyophthalmus pictus,10.5,GAM,0.950266773659158
13,Mediterranean Sea,9680062,Bursatella leachii,10.5,GAM,0.9316125135199061
13,Mediterranean Sea,5853511,Apogonichthyoides pharaonis,10.5,GAM,0.9297196784050709
13,Mediterranean Sea,2375934,Chromogobius zebratus,10.5,GAM,0.9241192567307509
13,Mediterranean Sea,2301629,Calyptraea chinensis,10.5,GAM,0.9234550377216906
13,Mediterranean Sea,7374940,Amphistegina lobifera,10.5,GAM,0.9158114806193812
13,Mediterranean Sea,6531311,Arcuatula senhousia,10.5,GAM,0.8972429784171563
13,Mediterranean Sea,2407758,Lagocephalus sceleratus,10.5,GAM,0.8959227371689333
13,Mediterranean Sea,5200658,Herdmania momus,10.5,GAM,0.892320677548138
13,Mediterranean Sea,5795619,Murex forskoehlii,10.5,GAM,0.8695068996414258
13,Mediterranean Sea,2368968,Hemiramphus far,10.5,GAM,0.8659201190052666
13,Mediterranean Sea,4382675,Coleusia signata,10.5,GAM,0.8586659694324482
13,Mediterranean Sea,2264530,Phyllorhiza punctata,10.5,GAM,0.8551144709283355
13,Mediterranean Sea,2348104,Aphanius fasciatus,10.5,GAM,0.8384370421499802
13,Mediterranean Sea,4361747,Rissoina bertholleti,10.5,GAM,0.8372628626188219
13,Mediterranean Sea,2643172,Caulerpa taxifolia,10.5,GAM,0.8229971173315977
13,Mediterranean Sea,2272084,Aquilonastra burtoni,10.5,GAM,0.8143153106045434
13,Mediterranean Sea,2407748,Lagocephalus guentheri,10.5,GAM,0.7227045168593477
13,Mediterranean Sea,5823941,Palisada perforata,10.5,GAM,0.7137217558918488
13,Mediterranean Sea,1005677,Watersipora subtorquata,10.5,decision rules,
13,Mediterranean Sea,2375465,Trypauchen vagina,10.5,decision rules,
13,Mediterranean Sea,2394248,Sphyraena flavicauda,10.5,decision rules,
13,Mediterranean Sea,4360357,Phidiana militaris,10.5,decision rules,
13,Mediterranean Sea,4382701,Myra subgranulata,10.5,decision rules,
13,Mediterranean Sea,5197001,Amphinome rostrata,10.5,decision rules,
13,Mediterranean Sea,6519721,Goniobranchus obsoletus,10.5,decision rules,
13,Mediterranean Sea,2330172,Clavelina oblonga,10,GAM,0.8157463735243662
13,Mediterranean Sea,2216566,Stenothoe georgiana,10,GAM,0.5974307536050965
13,Mediterranean Sea,5192089,Elysia ornata,10,GAM,0.3912415740529317
13,Mediterranean Sea,2332062,Polyandrocarpa zorritensis,9.5,GAM,1.2339875821904447
13,Mediterranean Sea,2390185,Siganus rivulatus,9,GAM,0.5769252574561341
13,Mediterranean Sea,4354937,Botrylloides diegensis,8,GAM,1.181290141480716
13,Mediterranean Sea,2377493,Gammogobius steinitzi,7.5,GAM,0.7738601538345691
13,Mediterranean Sea,5184341,Cereus pedunculatus,6,GAM,0.9331189342376417
13,Mediterranean Sea,5729175,Fulvia fragilis,6,GAM,0.8018036946671001
13,Mediterranean Sea,4286975,Cyprinus carpio,6,GAM,0.7946485426980033
13,Mediterranean Sea,8056718,Syngnathus abaster,6,GAM,0.731342452613115
13,Mediterranean Sea,3200580,Stypopodium schimperi,6,GAM,0.7169221225432187
13,Mediterranean Sea,9450610,Septifer cumingii,6,GAM,0.6811383540280215
13,Mediterranean Sea,2266916,Macrorhynchia philippina,6,GAM,0.43571737119499454
13,Mediterranean Sea,2227756,Atergatis roseus,5,GAM,1.0952990061867882
13,Mediterranean Sea,4371482,Mactra lilacea,5,GAM,0.2563828733040117
13,Mediterranean Sea,5184825,Oculina patagonica,4.5,GAM,0.9478713298895252
13,Mediterranean Sea,5279840,Asparagopsis armata,4.5,GAM,0.877853635498807
13,Mediterranean Sea,2308987,Syllidia armata,4.5,GAM,0.7432328956109622
13,Mediterranean Sea,2316670,Sigambra parva,4.5,GAM,0.6596863062280349
13,Mediterranean Sea,2250096,Hymeniacidon perlevis,4.5,GAM,0.6369056193301111
13,Mediterranean Sea,5185429,Aurelia solida,2,GAM,0.833044652129404
13,Mediterranean Sea,2227300,Procambarus clarkii,1.5,GAM,0.7940967943206744
13,Mediterranean Sea,5721108,Diadema setosum,0,GAM,1.0095867189769667
13,Mediterranean Sea,4356092,Ciona robusta,0,GAM,0.9527187577329267
13,Mediterranean Sea,4360191,Antiopella cristata,0,GAM,0.95235921924731
13,Mediterranean Sea,2328603,Sabella spallanzanii,0,GAM,0.8841971452379449
13,Mediterranean Sea,2376555,Gobius xanthocephalus,0,GAM,0.8839117068403084
13,Mediterranean Sea,4984851,Bugula neritina,0,GAM,0.8780191235054079
13,Mediterranean Sea,5181275,Crambe crambe,0,GAM,0.8645699292581823
13,Mediterranean Sea,2334433,Pterois miles,0,GAM,0.8510762349543416
13,Mediterranean Sea,2394271,Sphyraena sphyraena,0,GAM,0.8508503847822085
13,Mediterranean Sea,5186396,Phoronis hippocrepia,0,GAM,0.8253075955319443
13,Mediterranean Sea,9736038,Necora puber,0,GAM,0.803818009769313
13,Mediterranean Sea,2264597,Rhopilema nomadica,0,GAM,0.7954147435265744
13,Mediterranean Sea,2643131,Caulerpa cylindracea,0,GAM,0.7912915000480916
13,Mediterranean Sea,2330170,Clavelina dellavallei,0,GAM,0.7781599807836288
13,Mediterranean Sea,5192470,Potamopyrgus antipodarum,0,GAM,0.7303045846589982
13,Mediterranean Sea,8155634,Watersipora subatra,0,GAM,0.7140228375442671
13,Mediterranean Sea,2396768,Upeneus moluccensis,0,GAM,0.7019591678889842
13,Mediterranean Sea,9795553,Sternaspis scutata,0,GAM,0.6779311221309733
13,Mediterranean Sea,5279276,Sphaerococcus coronopifolius,0,GAM,0.6764320721543879
13,Mediterranean Sea,4362907,Rhinoclavis kochi,0,GAM,0.6757340913347245
13,Mediterranean Sea,2643011,Caulerpa prolifera,0,GAM,0.6150975210274988
13,Mediterranean Sea,2251202,Suberites massa,0,GAM,0.6026372486212221
13,Mediterranean Sea,7495282,Marivagia stellata,0,GAM,0.5720307421696488
13,Mediterranean Sea,10638056,Exaiptasia diaphana,0,GAM,0.5686031331050461
13,Mediterranean Sea,8428595,Bugulina stolonifera,0,GAM,0.5554909393607245
13,Mediterranean Sea,4316681,Erugosquilla massavensis,0,GAM,0.5309358135029568
13,Mediterranean Sea,2643288,Halimeda incrassata,0,GAM,0.5189467662789431
14,Iberian Coastal,7791733,Mya arenaria,31.5,GAM,1.4584439557720887
14,Iberian Coastal,2395735,Parablennius incognitus,31.5,GAM,1.364708619055886
14,Iberian Coastal,2331942,Styela clava,31.5,GAM,1.2612887957323256
14,Iberian Coastal,2301629,Calyptraea chinensis,31.5,GAM,1.174919420479774
14,Iberian Coastal,5715613,Siphonaria pectinata,31.5,GAM,1.1610122173270414
14,Iberian Coastal,2224979,Palaemon elegans,31.5,GAM,1.1535048322533574
14,Iberian Coastal,5273309,Ulva lactuca,31.5,GAM,1.1508032008833344
14,Iberian Coastal,2293333,Calliostoma zizyphinum,31.5,GAM,1.142967564008107
14,Iberian Coastal,7827743,Phorcus sauciatus,31.5,GAM,1.1092979456058154
14,Iberian Coastal,2293076,Haliotis tuberculata,31.5,GAM,1.0889654600338277
14,Iberian Coastal,3196437,Fucus serratus,31.5,GAM,1.0735714599184096
14,Iberian Coastal,8608139,Tritia neritea,31.5,GAM,1.0629868907857887
14,Iberian Coastal,2227605,Pilumnus hirtellus,31.5,GAM,1.0572471515485273
14,Iberian Coastal,5272096,Codium fragile,31.5,GAM,1.0410603178788242
14,Iberian Coastal,6531311,Arcuatula senhousia,29,GAM,0.9401757988027789
14,Iberian Coastal,5200315,Branchiomma luctuosum,28,GAM,1.7817192523886232
14,Iberian Coastal,5184341,Cereus pedunculatus,28,GAM,
14,Iberian Coastal,5191257,Aplysia parvula,27,GAM,0.885311639736989
14,Iberian Coastal,2411944,Atherina boyeri,27,GAM,0.82936956992532
14,Iberian Coastal,4372686,Ruditapes philippinarum,26.5,GAM,1.1816014727318624
14,Iberian Coastal,1005677,Watersipora subtorquata,26.5,decision rules,
14,Iberian Coastal,2328603,Sabella spallanzanii,22.5,GAM,0.9992748744570017
14,Iberian Coastal,2400863,Chelon labrosus,22.5,GAM,0.9876604148522047
14,Iberian Coastal,2395367,Coryphoblennius galerita,22.5,GAM,0.9875609760096493
14,Iberian Coastal,5192470,Potamopyrgus antipodarum,22.5,GAM,0.958108374973033
14,Iberian Coastal,5193449,Nucella lapillus,22.5,GAM,0.9566866271392955
14,Iberian Coastal,2392508,Sparus aurata,22.5,GAM,0.9061850625389329
14,Iberian Coastal,5279276,Sphaerococcus coronopifolius,22.5,GAM,0.863006308199794
14,Iberian Coastal,8018048,Dictyota cyanoloma,22.5,GAM,0.8371775976182074
14,Iberian Coastal,2227300,Procambarus clarkii,22.5,GAM,0.8047918872851855
14,Iberian Coastal,2666539,Caulacanthus okamurae,22.5,decision rules,
14,Iberian Coastal,8155634,Watersipora subatra,22.5,decision rules,
14,Iberian Coastal,9493483,Magallana angulata,22.5,decision rules,
14,Iberian Coastal,2115769,Austrominius modestus,22,decision rules,
14,Iberian Coastal,2643011,Caulerpa prolifera,21,GAM,1.5202817817595589
14,Iberian Coastal,4984851,Bugula neritina,21,decision rules,
14,Iberian Coastal,2330725,Ecteinascidia turbinata,20.5,decision rules,
14,Iberian Coastal,2327735,Ficopomatus enigmaticus,20,decision rules,
14,Iberian Coastal,4354937,Botrylloides diegensis,19.5,decision rules,
14,Iberian Coastal,5178057,Caprella mutica,19.5,decision rules,
14,Iberian Coastal,5620016,Opuntia elatior,19.5,decision rules,
14,Iberian Coastal,5824863,Rugulopteryx okamurae,18.5,GAM,2.556920869811513
14,Iberian Coastal,5279834,Asparagopsis taxiformis,18.5,decision rules,
14,Iberian Coastal,5279840,Asparagopsis armata,18,GAM,0.7780698443576393
14,Iberian Coastal,5422556,Undaria pinnatifida,18,GAM,0.727858520008956
14,Iberian Coastal,5210979,Diplodus vulgaris,18,GAM,0.7275107715131732
14,Iberian Coastal,2115724,Balanus trigonus,17.5,decision rules,
14,Iberian Coastal,2264530,Phyllorhiza punctata,17.5,decision rules,
14,Iberian Coastal,2399985,Cynoscion regalis,17.5,decision rules,
14,Iberian Coastal,4354941,Botrylloides violaceus,17.5,decision rules,
14,Iberian Coastal,4601972,Ocinebrellus inornatus,17.5,decision rules,
14,Iberian Coastal,5192721,Truncatella subcylindrica,17.5,decision rules,
14,Iberian Coastal,5178595,Carcinus maenas,15.5,GAM,1.0156446508883041
14,Iberian Coastal,8056718,Syngnathus abaster,15.5,GAM,0.9847313599919202
14,Iberian Coastal,8205774,Baccharis spicata,15.5,decision rules,
14,Iberian Coastal,2381337,Kyphosus vaigiensis,14.5,decision rules,
14,Iberian Coastal,5712056,Fundulus heteroclitus,14,GAM,0.5514101717021979
14,Iberian Coastal,2223441,Penaeus kerathurus,14,decision rules,
14,Iberian Coastal,5181275,Crambe crambe,14,decision rules,
14,Iberian Coastal,2250096,Hymeniacidon perlevis,13,decision rules,
14,Iberian Coastal,2301066,Littorina obtusata,12.5,GAM,1.0146794929326084
14,Iberian Coastal,4286975,Cyprinus carpio,11,GAM,0.7166819500891057
14,Iberian Coastal,4984866,Electra pilosa,10.5,GAM,0.9139478216106189
14,Iberian Coastal,7627628,Leathesia marina,10.5,GAM,0.9115874784187099
14,Iberian Coastal,9736038,Necora puber,10.5,GAM,0.9059133224563509
14,Iberian Coastal,9802456,Perforatus perforatus,10.5,GAM,0.9022088251309205
14,Iberian Coastal,4360191,Antiopella cristata,10.5,GAM,0.891458324017968
14,Iberian Coastal,2434806,Halichoerus grypus,10.5,GAM,0.8660698358570454
14,Iberian Coastal,5279755,Chondria coerulescens,10.5,GAM,0.8548353095006737
14,Iberian Coastal,4356092,Ciona robusta,10.5,decision rules,
14,Iberian Coastal,5186396,Phoronis hippocrepia,10.5,decision rules,
14,Iberian Coastal,8416593,Alpheus lobidens,10.5,decision rules,
14,Iberian Coastal,8337656,Pseudo-nitzschia australis,6,GAM,0.7907359002990467
14,Iberian Coastal,2330609,Phallusia mammillata,6,GAM,0.7340520163356071
14,Iberian Coastal,2376555,Gobius xanthocephalus,6,GAM,0.7227292713232721
14,Iberian Coastal,2411424,Lepadogaster candolii,6,GAM,0.6475501890519336
14,Iberian Coastal,2115620,Chthamalus stellatus,6,GAM,0.5367378553483859
14,Iberian Coastal,2668884,Bonnemaisonia hamifera,0,GAM,0.7191518851742187
14,Iberian Coastal,2666536,Caulacanthus ustulatus,0,GAM,0.6945891989850568
14,Iberian Coastal,2426760,Rana dalmatina,0,GAM,0.5981304423244488
14,Iberian Coastal,4382841,Hemigrapsus takanoi,0,GAM,0.5217151244049172
50,Faroe Plateau,5193449,Nucella lapillus,31.5,GAM,1.5471443036344703
50,Faroe Plateau,5178595,Carcinus maenas,31.5,GAM,1.2322886954745018
50,Faroe Plateau,5962255,Cyclopterus lumpus,24.5,decision rules,
50,Faroe Plateau,2434806,Halichoerus grypus,0,GAM,0.892385497014159
53,Norwegian Sea,7708032,Dinophysis tripos,31.5,GAM,1.2577317681665898
53,Norwegian Sea,2224979,Palaemon elegans,31.5,GAM,1.233562222598334
53,Norwegian Sea,2293333,Calliostoma zizyphinum,31.5,GAM,1.2000257672745975
53,Norwegian Sea,5178595,Carcinus maenas,31.5,GAM,1.1607575593997828
53,Norwegian Sea,3196387,Fucus evanescens,31.5,GAM,1.1284377085453654
53,Norwegian Sea,11464313,Sundstroemia setigera,31.5,GAM,1.1021665309361133
53,Norwegian Sea,3196454,Fucus distichus,31.5,GAM,1.0966562217028297
53,Norwegian Sea,5962255,Cyclopterus lumpus,31.5,GAM,1.056911632873509
53,Norwegian Sea,3195275,Apedinella radians,27,GAM,
53,Norwegian Sea,9795553,Sternaspis scutata,27,decision rules,
53,Norwegian Sea,3196171,Halosiphon tomentosus,23,decision rules,
53,Norwegian Sea,2324159,Tharyx killariensis,22.5,GAM,1.2292144340278672
53,Norwegian Sea,2328792,Euchone incolor,21,decision rules,
53,Norwegian Sea,5275705,Porphyra umbilicalis,20.5,decision rules,
53,Norwegian Sea,2434806,Halichoerus grypus,19.5,GAM,1.0257707500860294
53,Norwegian Sea,4984866,Electra pilosa,18,GAM,0.7114294912472876
53,Norwegian Sea,2321463,Dipolydora quadrilobata,17.5,GAM,0.9585883955391596
53,Norwegian Sea,1010024,Schizoporella japonica,17.5,decision rules,
53,Norwegian Sea,8368630,Prorocentrum cordatum,17.5,decision rules,
53,Norwegian Sea,3205951,Lessardia elongata,16,decision rules,
53,Norwegian Sea,7768737,Pronoctiluca pelagica,16,decision rules,
53,Norwegian Sea,3199757,Pylaiella littoralis,15.5,GAM,1.0203208342479864
53,Norwegian Sea,5279276,Sphaerococcus coronopifolius,15.5,decision rules,
53,Norwegian Sea,3205121,Alexandrium minutum,15,decision rules,
53,Norwegian Sea,2316942,Nephtys ciliata,13.5,GAM,1.2227780187515338
53,Norwegian Sea,2321466,Dipolydora socialis,13.5,GAM,1.00305068554225
53,Norwegian Sea,7791733,Mya arenaria,10.5,GAM,1.002951713185753
53,Norwegian Sea,5185603,Tubularia indivisa,10.5,GAM,0.9787740043264462
53,Norwegian Sea,2337248,Agonus cataphractus,10.5,GAM,0.9729796440141116
53,Norwegian Sea,2668884,Bonnemaisonia hamifera,10.5,GAM,0.9518821881517217
53,Norwegian Sea,10478115,Octactis speculum,10.5,GAM,0.8721937621490918
53,Norwegian Sea,2115719,Balanus balanus,10.5,GAM,0.7800718980985646
53,Norwegian Sea,1005581,Scruparia ambigua,10.5,decision rules,
53,Norwegian Sea,2227605,Pilumnus hirtellus,10.5,decision rules,
53,Norwegian Sea,2651922,Karlodinium veneficum,10.5,decision rules,
53,Norwegian Sea,2688129,Pterosperma cristatum,10.5,decision rules,
53,Norwegian Sea,3194973,Dinobryon faculiferum,10.5,decision rules,
53,Norwegian Sea,3199521,Ectocarpus siliculosus,10.5,decision rules,
53,Norwegian Sea,5423348,Desmarestia viridis,10.5,decision rules,
53,Norwegian Sea,7910173,Alexandrium ostenfeldii,10.5,decision rules,
53,Norwegian Sea,5178057,Caprella mutica,9,GAM,
53,Norwegian Sea,5193449,Nucella lapillus,6,GAM,0.8619632086701924
53,Norwegian Sea,7627628,Leathesia marina,6,GAM,0.8079641215545369
53,Norwegian Sea,9338680,Scrippsiella acuminata,6,GAM,0.5650861061008242
53,Norwegian Sea,5195516,Glycera capitata,6,GAM,0.46090970943610604
53,Norwegian Sea,5421984,Rhizosolenia styliformis,4.5,GAM,1.0062291418618639
53,Norwegian Sea,2321152,Scolelepis korsuni,4.5,GAM,0.9392561262857455
53,Norwegian Sea,2329268,Pseudopotamilla reniformis,4.5,GAM,0.8053449354064696
53,Norwegian Sea,5272096,Codium fragile,0,GAM,0.9449517796526946
53,Norwegian Sea,2308668,Tubificoides benedii,0,GAM,0.940065570761674
53,Norwegian Sea,5273309,Ulva lactuca,0,GAM,0.9061350703599818
53,Norwegian Sea,3195749,Chorda filum,0,GAM,0.9049781186778206
53,Norwegian Sea,2308987,Syllidia armata,0,GAM,0.7722841745230036
53,Norwegian Sea,2301066,Littorina obtusata,0,GAM,0.7670511135701472
53,Norwegian Sea,7632200,Alexandrium tamarense,0,GAM,0.6883440520940609
53,Norwegian Sea,3193498,Thalassiosira nordenskioeldii,0,GAM,0.681249011301723
53,Norwegian Sea,3196437,Fucus serratus,0,GAM,0.654658398554899
53,Norwegian Sea,7454879,Karenia mikimotoi,0,GAM,0.633743683626759
54,Barents Sea,5962255,Cyclopterus lumpus,31.5,GAM,1.208900585283864
54,Barents Sea,3199757,Pylaiella littoralis,31.5,GAM,1.1957003653250264
54,Barents Sea,3199521,Ectocarpus siliculosus,31.5,GAM,1.1876034543988765
54,Barents Sea,5275705,Porphyra umbilicalis,31.5,GAM,1.1631126343116902
54,Barents Sea,2337248,Agonus cataphractus,31.5,GAM,1.104895144357107
54,Barents Sea,3196171,Halosiphon tomentosus,31.5,GAM,1.0918300989312244
54,Barents Sea,2434806,Halichoerus grypus,31.5,GAM,1.0799079458181498
54,Barents Sea,7791733,Mya arenaria,31.5,GAM,1.0752991033782302
54,Barents Sea,3195749,Chorda filum,31.5,GAM,1.0635799082446984
54,Barents Sea,5273309,Ulva lactuca,31.5,GAM,1.0474221890507986
54,Barents Sea,2321463,Dipolydora quadrilobata,31.5,GAM,1.0236136442907273
54,Barents Sea,2308668,Tubificoides benedii,27.5,GAM,1.0127312479751536
54,Barents Sea,5185846,Tiaropsis multicirrata,27.5,GAM,
54,Barents Sea,3205121,Alexandrium minutum,23,GAM,0.7701924875940649
54,Barents Sea,3196387,Fucus evanescens,22.5,GAM,0.8021512368181897
54,Barents Sea,2328792,Euchone incolor,21,decision rules,
54,Barents Sea,3196454,Fucus distichus,21,decision rules,
54,Barents Sea,8270004,Peridiniella catenata,20,decision rules,
54,Barents Sea,5185603,Tubularia indivisa,17,GAM,
54,Barents Sea,7708032,Dinophysis tripos,15.5,GAM,1.0758252887323894
54,Barents Sea,4275399,Chaetoceros tortissimus,15.5,decision rules,
54,Barents Sea,2264633,Craterolophus convolvulus,14.5,GAM,0.6391990814686108
54,Barents Sea,5421557,Coscinodiscus wailesii,14.5,decision rules,
54,Barents Sea,2226639,Chionoecetes opilio,13,decision rules,
54,Barents Sea,5233166,Mertensia ovum,13,decision rules,
54,Barents Sea,5178057,Caprella mutica,12.5,GAM,0.8516007865717876
54,Barents Sea,3195275,Apedinella radians,11.5,decision rules,
54,Barents Sea,5195516,Glycera capitata,10.5,GAM,1.0065463199706155
54,Barents Sea,2224359,Paralithodes camtschaticus,10.5,GAM,0.9654733405086997
54,Barents Sea,2301066,Littorina obtusata,10.5,GAM,0.9572168766844181
54,Barents Sea,2321152,Scolelepis korsuni,10.5,GAM,0.9166034107206457
54,Barents Sea,2115719,Balanus balanus,10.5,GAM,0.8585789610705188
54,Barents Sea,2324159,Tharyx killariensis,10.5,GAM,0.8155307163957614
54,Barents Sea,3193498,Thalassiosira nordenskioeldii,10.5,GAM,0.8029600504193932
54,Barents Sea,7530747,Oxytoxum criophilum,10.5,GAM,0.7098257329890523
54,Barents Sea,7910173,Alexandrium ostenfeldii,10.5,decision rules,
54,Barents Sea,8187634,Akashiwo sanguinea,10.5,decision rules,
54,Barents Sea,2308987,Syllidia armata,9.5,GAM,0.5879536447434536
54,Barents Sea,4275413,Chaetoceros lorenzianus,8,GAM,0.6194489170563066
54,Barents Sea,2329268,Pseudopotamilla reniformis,6,GAM,0.6259854351851197
54,Barents Sea,5423348,Desmarestia viridis,4.5,GAM,0.9554425864945758
54,Barents Sea,2688129,Pterosperma cristatum,4.5,GAM,0.7247715028067446
54,Barents Sea,5178595,Carcinus maenas,0,GAM,0.9444052593573038
54,Barents Sea,2316942,Nephtys ciliata,0,GAM,0.9224814083634791
54,Barents Sea,7627628,Leathesia marina,0,GAM,0.8699183044400467
54,Barents Sea,5193449,Nucella lapillus,0,GAM,0.846073605881475
54,Barents Sea,5272096,Codium fragile,0,GAM,0.8175178036202319
54,Barents Sea,3196437,Fucus serratus,0,GAM,0.8149610511921687
54,Barents Sea,4984866,Electra pilosa,0,GAM,0.8104783648415411
54,Barents Sea,2321466,Dipolydora socialis,0,GAM,0.7102368423694766
54,Barents Sea,11464313,Sundstroemia setigera,0,GAM,0.7045140343305896
54,Barents Sea,3194973,Dinobryon faculiferum,0,GAM,0.658672016860084
54,Barents Sea,3205951,Lessardia elongata,0,GAM,0.6550137662742224
54,Barents Sea,10478115,Octactis speculum,0,GAM,0.6466519324388403
54,Barents Sea,5421984,Rhizosolenia styliformis,0,GAM,0.6386737489064578
54,Barents Sea,7768737,Pronoctiluca pelagica,0,GAM,0.5484273182701855
54,Barents Sea,8368630,Prorocentrum cordatum,0,GAM,0.5415886524225019
54,Barents Sea,2651922,Karlodinium veneficum,0,GAM,0.3569134274342023
54,Barents Sea,7454879,Karenia mikimotoi,0,GAM,0.27780624022625766
54,Barents Sea,9501293,Chaetoceros concavicornis,0,GAM,0.24588340100167136
